http://jobyourself.be/,Brussel
http://sjtn.brussels/fr/la-commune/demarches-administratives/europeens,Brussel
http://stgilles.brussels,Brussel
http://werk-economie-emploi.brussels/fr/,Brussel
http://werk-economie-emploi.brussels/nl/,Brussel
http://www.arbitrage-mediation.be/immo-bail-comm.htm,Brussel
http://www.brucenter.be/fr/reseau,Brussel
http://www.cbd-bkv.be/Taal/FR/13,Brussel
http://www.culture.be/,Brussel
http://www.emulation-innovation.be/vente-en-ligne-creation-site-internet-loi-avocat/,Brussel
http://www.enseignement.be/index.php,Brussel
http://www.financementdesentreprises.be/fr,Brussel
http://www.forest.irisnet.be/fr/services-communaux/population/etrangers/inscription-ressortissants-europeens,Brussel
http://www.iles.be/entreprendre/,Brussel
http://www.ixelles.be/site/92-S-etablir-a-Ixelles#,Brussel
http://www.jette.irisnet.be/fr/a-votre-service/demandes-et-documents/c,Brussel
http://www.molenbeek.irisnet.be/fr/je-vis/population-etat-civil/etrangers,Brussel
http://www.uccle.be/fr/administration/etat-civil/etrangers,Brussel
http://www.uss.be/fr/membres,Brussel
https://1082berchem.brussels/fr/vous-citoyen/habiter-et-vivre/formalites-et-demarches/,Brussel
https://1819.brussels/blog/les-conditions-generales-de-vente-pourquoi-mais-surtout-comment,Brussel
https://1819.brussels/nl/blog/wat-gdpr-en-wat-betekent-dit-voor-mij-als-zelfstandige,Brussel
https://1819.brussels/nl/infotheek/bedrijf-starten-formaliteiten,Brussel
https://agencedigitalesolidaire.org/,Brussel
https://agenda.brussels/nl/,Brussel
https://barreaubruxelles.be/annuaire,Brussel
https://be.brussels/,Brussel
https://belgianchambers.be/nl/kamers-van-koophandel/buitenland/,Brussel
https://bruxelles.famipedia.be/fr/themes/organism-child-benefits/what-adhesion-employer/theory/rules_adhesion,Brussel
https://cirb.brussels/fr/quoi-de-neuf/publications/cahiers/gdpr-guide-pratique-a-lattention-des-institutions-locales-et-regionales-en-region-de-bruxelles-capitale#:~:text=23%2F11%2F1995).,18%2F3%2F1993).&text=Le%20GDPR%20introduit%20des%20r%C3%A8gles,en%20cas%20de%20non%2Drespect.,Brussel
https://customers.vivaqua.be/nl/,Brussel
https://diplomatie.belgium.be/fr/Services/Ambassades_et_consulats/ambassades_et_consulats_etrangers_en_Belgique,Brussel
https://dofi.ibz.be/sites/dvzoe/FR/Guidedesprocedures/Pages/Espace_economique_europeen_Union_europeenne_Schengen.aspx,Brussel
https://economie.fgov.be/nl/themas,Brussel
https://emploi.belgique.be/fr/themes/,Brussel
https://environnement.brussels/thematiques/espaces-verts-et-biodiversite/la-promenade-verte/promenades-connexes,Brussel
https://evere.brussels/fr/demarches/etrangers#section-2,Brussel
https://expatsinbrussels.be/fr,Brussel
https://famiris.brussels/fr/,Brussel
https://federgon.be/index.php?id=4&L=1&sector=7&cert=1,Brussel
https://finances.belgium.be/fr/entreprises/personnel_et_remuneration,Brussel
https://financien.belgium.be/nl/ondernemingen,Brussel
https://fiscaliteit.brussels/,Brussel
https://fr.woluwe1200.be/?s=inscription+%C3%A9tranger&themedemo=&btn_search=,Brussel
https://logement.brussels/louer/bail-dhabitation,Brussel
https://microstart.be/fr,Brussel
https://mobilit.belgium.be/fr/circulationroutiere/immatriculation_des_vehicules,Brussel
https://mobilite-mobiliteit.brussels/nl,Brussel
https://news.economie.fgov.be/163148-deze-informatie-moet-u-zeker-vermelden-op-uw-bedrijfswebsite,Brussel
https://onderwijs.vlaanderen.be/,Brussel
https://pro.guidesocial.be/associations/?z=&c=1689&arrondissement=bruxelles,Brussel
https://socialsecurity.belgium.be/fr/elaboration-de-la-politique-sociale/liste-des-caisses-dassurances-sociales,Brussel
https://socialsecurity.belgium.be/nl/sociaal-beleid-mee-vorm-geven/lijst-van-sociale-verzekeringsfondsen,Brussel
https://statbel.fgov.be/fr/themes/emploi-formation/salaires-et-cout-de-la-main-doeuvre/salaires-mensuels-bruts-moyens,Brussel
https://stgilles.brussels/futur-habitant/#inscription,Brussel
https://trade.ec.europa.eu/access-to-markets/fr/content,Brussel
https://visit.brussels/fr/lists/promenades-quartiers-decouvrez-les-quartiers-bruxellois,Brussel
https://visit.brussels/nl,Brussel
https://werkgevers.vdab.be/werkgevers/ondernemer-worden,Brussel
https://www.1030.be/fr/content/premiere-inscription-en-belgique-non-belges-sejour-de-plus-de-3-mois-inscription-la-commune,Brussel
https://www.actiris.brussels/fr/citoyens/devenir-independant/,Brussel
https://www.anderlecht.be/fr/premiere-inscription-0,Brussel
https://www.auderghem.be/da/premi%C3%A8re-inscription-en-belgique-pour-ressortissant-ue,Brussel
https://www.baliebrussel.be/balie-brussel/,Brussel
https://www.barreaubruxelles.be/index.php/le-barreau/l-ordre,Brussel
https://www.beci.be/starter/,Brussel
https://www.belgium.be/fr/economie/entreprise/professions_reglementees,Brussel
https://www.bmediation.eu/,Brussel
https://www.boip.int/nl/merkenregister#/,Brussel
https://www.brugel.brussels/,Brussel
https://www.bruxellesformation.brussels/,Brussel
https://www.cfm-fbc.be/fr,Brussel
https://www.citydev.brussels/fr/inventimmo,Brussel
https://www.citydev.brussels/fr/services-accompagnement/d%C3%A9p%C3%B4ts-%C3%A0-court-terme,Brussel
https://www.comparateur-energie.be/fournisseurs-electricite-et-gaz,Brussel
https://www.courtierenassurances.be/trouvez-un-courtier-pres-de-chez-vous?gclid=CjwKCAiA-_L9BRBQEiwA-bm5frW4i8g5d2V3uyCng6RnxspZMWYaY3dslBY7Q8CLpuEUUje5MddZuRoCLjcQAvD_BwE,Brussel
https://www.credal.be/accompagnement,Brussel
https://www.credal.be/accueil,Brussel
https://www.cvosemper.be/,Brussel
https://www.dailycms.com/artikelen/avggdpr-wat-betekent-deze-wetgeving-voor-websites-en-webwinkels/,Brussel
https://www.epfc.eu/formations.html,Brussel
https://www.erasmus-entrepreneurs.eu/index.php?lan=fr,Brussel
https://www.etterbeek.be/nos-services/etrangers/premiere-inscription,Brussel
https://www.feb.be/qui-nous-sommes/federations-sectorielles,Brussel
https://www.febelfin.be/fr,Brussel
https://www.fedris.be/fr/employeur/secteur-prive/assurance,Brussel
https://www.finance.brussels/,Brussel
https://www.fondsbruxelloisdegarantie.be/presentation-2/,Brussel
https://www.fsma.be/fr,Brussel
https://www.ganshoren.be/services-des-etrangers/,Brussel
https://www.gezinsbond.be/,Brussel
https://www.ibpt.be/consommateurs,Brussel
https://www.ibz.rrn.fgov.be/fr/population/faq/inscriptions-des-etrangers/,Brussel
https://www.inasti.be/fr,Brussel
https://www.inschrijveninbrussel.be/fr/enseignement-primaire/%C3%A9cole-maternelle,Brussel
https://www.internet-bruxelles.be/,Brussel
https://www.kindengezin.be/,Brussel
https://www.koekelberg.be/p4w/index.php?cont=274&lgn=1,Brussel
https://www.ksz-bcss.fgov.be/fr/services-et-support/services/registre-national-registres-bcss,Brussel
https://www.lemoniteur.be/documentation/le-bail-commercial-111.html,Brussel
https://www.mysocialsecurity.be/student/fr/index.html,Brussel
https://www.nbb.be/fr/supervision-financiere/controle-prudentiel/domaines-de-controle/etablissements-de-credit/listes-7,Brussel
https://www.notaire.be/societes,Brussel
https://www.onderwijsinbrussel.be/volwassenenonderwijs,Brussel
https://www.one.be/public/,Brussel
https://www.onssrszlss.fgov.be/fr/employeurs-et-onss,Brussel
https://www.retis.be/loi-facturation-electronique/,Brussel
https://www.riziv.fgov.be/fr/professionnels/autres/mutualites/Pages/contactez-mutualites.aspx,Brussel
https://www.riziv.fgov.be/nl/,Brussel
https://www.socialsecurity.be/employer/instructions/dmfa/fr/latest/instructions/deductions/structuralreduction_targetgroupreductions/firstengagments.html,Brussel
https://www.syntrabrussel.be/opleidingen/diensten/bedrijfsbeheer,Brussel
https://www.unizo.be/starters,Brussel
https://www.vbo-feb.be/globalassets/publicaties/data-protection/feb_dataprotection_brochure_03_nl_web-pdf.pdf,Brussel
https://www.watermael-boitsfort.irisnet.be/fr/vivre-a-watermael-boitsfort/population/etranger,Brussel
https://www.webrankinfo.com/dossiers/droit-internet/obligations-legales-belgique,Brussel
https://www.wikifin.be/fr(autoritédesmarchésfinanciers),Brussel
https://www.woluwe1150.be,Brussel
https://yet.brussels/,Brussel
www.assuralia.be/,Brussel
www.berchem.irisnet.be,Brussel
www.evere.irisnet.be,Brussel
www.immobrussels.be,Brussel
www.ixelles.irisnet.be,Brussel
www.sjtn.be,Brussel
