http://www.puurs-sint-amands.be,Puurs-Sint-Amands
http://www.aalst.be,Aalst
http://www.aalter.be,Aalter
http://www.aarschot.be,Aarschot
http://www.aartselaar.be,Aartselaar
http://www.affligem.be,Affligem
http://www.alken.be,Alken
http://www.alveringem.be,Alveringem
http://www.antwerpen.be,Antwerpen
http://www.anzegem.be,Anzegem
http://www.ardooie.be,Ardooie
http://www.arendonk.be,Arendonk
http://www.as.be,As
http://www.asse.be,Asse
http://www.assenede.be,Assenede
http://www.avelgem.be,Avelgem
http://www.baarle-hertog.be,Baarle-Hertog
http://www.balen.be,Balen
http://www.beernem.be,Beernem
http://www.beerse.be,Beerse
http://www.beersel.be,Beersel
http://www.begijnendijk.be,Begijnendijk
http://www.bekkevoort.be,Bekkevoort
http://www.beringen.be,Beringen
http://www.berlaar.be,Berlaar
http://www.berlare.be,Berlare
http://www.bertem.be,Bertem
http://www.bever-bievene.be,Bever-Bievene
http://www.beveren.be,Beveren
http://www.bierbeek.be,Bierbeek
http://www.bilzen.be,Bilzen
http://www.blankenberge.be,Blankenberge
http://www.bocholt.be,Bocholt
http://www.boechout.be,Boechout
http://www.bonheiden.be,Bonheiden
http://www.boom.be,Boom
http://www.boortmeerbeek.be,Boortmeerbeek
http://www.borgloon.be,Borgloon
http://www.bornem.be,Bornem
http://www.borsbeek.be,Borsbeek
http://www.boutersem.be,Boutersem
http://www.brakel.be,Brakel
http://www.brasschaat.be,Brasschaat
http://www.brecht.be,Brecht
http://www.bredene.be,Bredene
http://www.bree.be,Bree
http://www.brugge.be,Brugge
http://www.buggenhout.be,Buggenhout
http://www.damme.be,Damme
http://www.deerlijk.be,Deerlijk
http://www.dehaan.be,Dehaan
http://www.deinze.be,Deinze
http://www.denderleeuw.be,Denderleeuw
http://www.dendermonde.be,Dendermonde
http://www.dentergem.be,Dentergem
http://www.depanne.be,Depanne
http://www.depinte.be,Depinte
http://www.dessel.be,Dessel
http://www.destelbergen.be,Destelbergen
http://www.diepenbeek.be,Diepenbeek
http://www.diest.be,Diest
http://www.diksmuide.be,Diksmuide
http://www.dilbeek.be,Dilbeek
http://www.dilsen-stokkem.be,Dilsen-Stokkem
http://www.drogenbos.be,Drogenbos
http://www.duffel.be,Duffel
http://www.edegem.be,Edegem
http://www.eeklo.be,Eeklo
http://www.erpe-mere.be,Erpe-Mere
http://www.essen.be,Essen
http://www.evergem.be,Evergem
http://www.galmaarden.be,Galmaarden
http://www.gavere.be,Gavere
http://www.geel.be,Geel
http://www.geetbets.be,Geetbets
http://www.gemeentehoegaarden.be,Gemeentehoegaarden
http://www.gemeentemol.be,Gemeentemol
http://www.gemeentepelt.be,Gemeentepelt
http://www.genk.be,Genk
http://www.gent.be,Gent
http://www.geraardsbergen.be,Geraardsbergen
http://www.gingelom.be,Gingelom
http://www.gistel.be,Gistel
http://www.glabbeek.be,Glabbeek
http://www.gooik.be,Gooik
http://www.grimbergen.be,Grimbergen
http://www.grobbendonk.be,Grobbendonk
http://www.haacht.be,Haacht
http://www.haaltert.be,Haaltert
http://www.halen.be,Halen
http://www.halle.be,Halle
http://www.ham.be,Ham
http://www.hamme.be,Hamme
http://www.hamont-achel.be,Hamont-Achel
http://www.harelbeke.be,Harelbeke
http://www.hasselt.be,Hasselt
http://www.hechtel-eksel.be,Hechtel-Eksel
http://www.heers.be,Heers
http://www.heist-op-den-berg.be,Heist-Op-Den-Berg
http://www.hemiksem.be,Hemiksem
http://www.herent.be,Herent
http://www.herentals.be,Herentals
http://www.herenthout.be,Herenthout
http://www.herk-de-stad.be,Herk-De-Stad
http://www.herne.be,Herne
http://www.herselt.be,Herselt
http://www.herzele.be,Herzele
http://www.heusden-zolder.be,Heusden-Zolder
http://www.heuvelland.be,Heuvelland
http://www.hoeilaart.be,Hoeilaart
http://www.hoeselt.be,Hoeselt
http://www.holsbeek.be,Holsbeek
http://www.hooglede.be,Hooglede
http://www.hoogstraten.be,Hoogstraten
http://www.horebeke.be,Horebeke
http://www.houthalen-helchteren.be,Houthalen-Helchteren
http://www.houthulst.be,Houthulst
http://www.hove.be,Hove
http://www.huldenberg.be,Huldenberg
http://www.hulshout.be,Hulshout
http://www.ichtegem.be,Ichtegem
http://www.ieper.be,Ieper
http://www.ingelmunster.be,Ingelmunster
http://www.izegem.be,Izegem
http://www.jabbeke.be,Jabbeke
http://www.kalmthout.be,Kalmthout
http://www.kampenhout.be,Kampenhout
http://www.kapelle-op-den-bos.be,Kapelle-Op-Den-Bos
http://www.kapellen.be,Kapellen
http://www.kaprijke.be,Kaprijke
http://www.kasterlee.be,Kasterlee
http://www.keerbergen.be,Keerbergen
http://www.kinrooi.be,Kinrooi
http://www.kluisbergen.be,Kluisbergen
http://www.knokke-heist.be,Knokke-Heist
http://www.koekelare.be,Koekelare
http://www.koksijde.be,Koksijde
http://www.kontich.be,Kontich
http://www.kortemark.be,Kortemark
http://www.kortenaken.be,Kortenaken
http://www.kortenberg.be,Kortenberg
http://www.kortessem.be,Kortessem
http://www.kortrijk.be,Kortrijk
http://www.kraainem.be,Kraainem
http://www.kruibeke.be,Kruibeke
http://www.kruisem.be,Kruisem
http://www.kuurne.be,Kuurne
http://www.laakdal.be,Laakdal
http://www.laarne.be,Laarne
http://www.lanaken.be,Lanaken
http://www.landen.be,Landen
http://www.langemark-poelkapelle.be,Langemark-Poelkapelle
http://www.lebbeke.be,Lebbeke
http://www.lede.be,Lede
http://www.ledegem.be,Ledegem
http://www.lendelede.be,Lendelede
http://www.lennik.be,Lennik
http://www.leopoldsburg.be,Leopoldsburg
http://www.leuven.be,Leuven
http://www.lichtervelde.be,Lichtervelde
http://www.liedekerke.be,Liedekerke
http://www.lier.be,Lier
http://www.lierde.be,Lierde
http://www.lievegem.be,Lievegem
http://www.lille.be,Lille
http://www.linkebeek.be,Linkebeek
http://www.lint.be,Lint
http://www.linter.be,Linter
http://www.lo-reninge.be,Lo-Reninge
http://www.lochristi.be,Lochristi
http://www.lokeren.be,Lokeren
http://www.lommel.be,Lommel
http://www.londerzeel.be,Londerzeel
http://www.lubbeek.be,Lubbeek
http://www.lummen.be,Lummen
http://www.maarkedal.be,Maarkedal
http://www.maaseik.be,Maaseik
http://www.maasmechelen.be,Maasmechelen
http://www.machelen.be,Machelen
http://www.maldegem.be,Maldegem
http://www.malle.be,Malle
http://www.mechelen.be,Mechelen
http://www.meerhout.be,Meerhout
http://www.meise.be,Meise
http://www.melle.be,Melle
http://www.menen.be,Menen
http://www.merchtem.be,Merchtem
http://www.merelbeke.be,Merelbeke
http://www.merksplas.be,Merksplas
http://www.mesen.be,Mesen
http://www.meulebeke.be,Meulebeke
http://www.middelkerke.be,Middelkerke
http://www.moerbeke.be,Moerbeke
http://www.moorslede.be,Moorslede
http://www.mortsel.be,Mortsel
http://www.nazareth.be,Nazareth
http://www.niel.be,Niel
http://www.nieuwerkerken.be,Nieuwerkerken
http://www.nieuwpoort.be,Nieuwpoort
http://www.nijlen.be,Nijlen
http://www.ninove.be,Ninove
http://www.olen.be,Olen
http://www.oostende.be,Oostende
http://www.oosterzele.be,Oosterzele
http://www.oostkamp.be,Oostkamp
http://www.oostrozebeke.be,Oostrozebeke
http://www.opwijk.be,Opwijk
http://www.oud-heverlee.be,Oud-Heverlee
http://www.oud-turnhout.be,Oud-Turnhout
http://www.oudenaarde.be,Oudenaarde
http://www.oudenburg.be,Oudenburg
http://www.oudsbergen.be,Oudsbergen
http://www.overijse.be,Overijse
http://www.peer.be,Peer
http://www.pepingen.be,Pepingen
http://www.pittem.be,Pittem
http://www.poperinge.be,Poperinge
http://www.putte.be,Putte
http://www.ranst.be,Ranst
http://www.ravels.be,Ravels
http://www.retie.be,Retie
http://www.riemst.be,Riemst
http://www.rijkevorsel.be,Rijkevorsel
http://www.roeselare.be,Roeselare
http://www.ronse.be,Ronse
http://www.roosdaal.be,Roosdaal
http://www.rotselaar.be,Rotselaar
http://www.ruiselede.be,Ruiselede
http://www.rumst.be,Rumst
http://www.schelle.be,Schelle
http://www.scherpenheuvel-zichem.be,Scherpenheuvel-Zichem
http://www.schilde.be,Schilde
http://www.schoten.be,Schoten
http://www.sint-genesius-rode.be,Sint-Genesius-Rode
http://www.sint-gillis-waas.be,Sint-Gillis-Waas
http://www.sint-laureins.be,Sint-Laureins
http://www.sint-lievens-houtem.be,Sint-Lievens-Houtem
http://www.sint-martens-latem.be,Sint-Martens-Latem
http://www.sint-niklaas.be,Sint-Niklaas
http://www.sint-pieters-leeuw.be,Sint-Pieters-Leeuw
http://www.sint-truiden.be,Sint-Truiden
http://www.sintkatelijnewaver.be,Sintkatelijnewaver
http://www.spiere-helkijn.be,Spiere-Helkijn
http://www.stabroek.be,Stabroek
http://www.staden.be,Staden
http://www.steenokkerzeel.be,Steenokkerzeel
http://www.stekene.be,Stekene
http://www.temse.be,Temse
http://www.ternat.be,Ternat
http://www.tervuren.be,Tervuren
http://www.tessenderlo.be,Tessenderlo
http://www.tielt-winge.be,Tielt-Winge
http://www.tielt.be,Tielt
http://www.tienen.be,Tienen
http://www.tongeren.be,Tongeren
http://www.torhout.be,Torhout
http://www.tremelo.be,Tremelo
http://www.turnhout.be,Turnhout
http://www.veurne.be,Veurne
http://www.vilvoorde.be,Vilvoorde
http://www.vleteren.be,Vleteren
http://www.voeren.be,Voeren
http://www.vorselaar.be,Vorselaar
http://www.vosselaar.be,Vosselaar
http://www.waasmunster.be,Waasmunster
http://www.wachtebeke.be,Wachtebeke
http://www.waregem.be,Waregem
http://www.wellen.be,Wellen
http://www.wemmel.be,Wemmel
http://www.wervik.be,Wervik
http://www.westerlo.be,Westerlo
http://www.wetteren.be,Wetteren
http://www.wevelgem.be,Wevelgem
http://www.wezembeek-oppem.be,Wezembeek-Oppem
http://www.wichelen.be,Wichelen
http://www.wielsbeke.be,Wielsbeke
http://www.wijnegem.be,Wijnegem
http://www.willebroek.be,Willebroek
http://www.wingene.be,Wingene
http://www.wommelgem.be,Wommelgem
http://www.wortegem-petegem.be,Wortegem-Petegem
http://www.wuustwezel.be,Wuustwezel
http://www.zandhoven.be,Zandhoven
http://www.zaventem.be,Zaventem
http://www.zedelgem.be,Zedelgem
http://www.zele.be,Zele
http://www.zelzate.be,Zelzate
http://www.zemst.be,Zemst
http://www.zoersel.be,Zoersel
http://www.zonhoven.be,Zonhoven
http://www.zonnebeke.be,Zonnebeke
http://www.zottegem.be,Zottegem
http://www.zoutleeuw.be,Zoutleeuw
http://www.zuienkerke.be,Zuienkerke
http://www.zulte.be,Zulte
http://www.zutendaal.be,Zutendaal
http://www.zwalm.be,Zwalm
http://www.zwevegem.be,Zwevegem
http://www.zwijndrecht.be,Zwijndrecht